epoch,phase,loss,acc1,acc5,lr,elapsed
1,train,5.762078,0.0073,0.0299,1.00e-04,88.8
1,val,5.565413,0.0100,0.0361,1.00e-04,102.6
